MariaDB [examc0719531]> show tables;
+------------------------+
| Tables_in_examc0719531 |
+------------------------+
| client                 |
| employee               |
| has_clearance          |
| package                |
| planet                 |
| shipment               |
| v1                     |
| v2                     |
| v3                     |
+------------------------+
9 rows in set (0.00 sec)

MariaDB [examc0719531]> select * from client;
+---------------+-------------------+
| accountnumber | name              |
+---------------+-------------------+
|             1 | Zapp Brannigan    |
|             2 | Al Gore's Head    |
|             3 | Barbados Slim     |
|             4 | Ogden Wernstrom   |
|             5 | Leo Wong          |
|             6 | Lrrr              |
|             7 | John Zoidberg     |
|             8 | John Zoidfarb     |
|             9 | Morbo             |
|            10 | Judge John Whitey |
|            11 | Calculon          |
+---------------+-------------------+
11 rows in set (0.00 sec)

MariaDB [examc0719531]> select * from employee;
+------------+--------------------------+--------------+--------+-------------------------------------------------------------------------+
| employeeId | name                     | position     | salary | remarks                                                                 |
+------------+--------------------------+--------------+--------+-------------------------------------------------------------------------+
|          1 | Phillip J. Fry           | Delivery boy |   7500 | Not to be confused with the Philip J. Fry from Hovering Squid World 97a |
|          2 | Turanga Leela            | Captain      |  10000 | NULL                                                                    |
|          3 | Bender Bending Rodriguez | Robot        |   7500 | NULL                                                                    |
|          4 | Hubert J. Farnsworth     | CEO          |  20000 | NULL                                                                    |
|          5 | John A. Zoidberg         | Physician    |     25 | NULL                                                                    |
|          6 | Amy Wong                 | Intern       |   5000 | NULL                                                                    |
|          7 | Hermes Conrad            | Bureaucrat   |  10000 | NULL                                                                    |
|          8 | Scruffy Scruffington     | Janitor      |   5000 | NULL                                                                    |
+------------+--------------------------+--------------+--------+-------------------------------------------------------------------------+
8 rows in set (0.00 sec)

MariaDB [examc0719531]> select * from shipment;
+------------+--------------+---------+----------+
| ShipmentId | ShipmentDate | Manager | PlanetId |
+------------+--------------+---------+----------+
|          1 | 3004-05-11   |       1 |        1 |
|          2 | 3004-05-11   |       1 |        2 |
|          3 | NULL         |       2 |        3 |
|          4 | NULL         |       2 |        4 |
|          5 | NULL         |       7 |        5 |
+------------+--------------+---------+----------+
5 rows in set (0.00 sec)

MariaDB [examc0719531]> select * from planet;
+----------+------------------+------------------+
| planetId | name             | coordinates      |
+----------+------------------+------------------+
|        1 | Omicron Persei 8 |    89475345.3545 |
|        2 | Decapod X        | 65498463216.3466 |
|        3 | Mars             |   32435021.65468 |
|        4 | Omega III        |    98432121.5464 |
|        5 | Tarantulon VI    | 849842198.354654 |
|        6 | Cannibalon       |  654321987.21654 |
|        7 | DogDoo VII       |  65498721354.688 |
|        8 | Nintenduu 64     |  6543219894.1654 |
|        9 | Amazonia         | 65432135979.6547 |
+----------+------------------+------------------+
9 rows in set (0.00 sec)

MariaDB [examc0719531]> desc shipment;
+--------------+---------+------+-----+---------+----------------+
| Field        | Type    | Null | Key | Default | Extra          |
+--------------+---------+------+-----+---------+----------------+
| ShipmentId   | int(11) | NO   | PRI | NULL    | auto_increment |
| ShipmentDate | date    | YES  |     | NULL    |                |
| Manager      | int(11) | YES  | MUL | NULL    |                |
| PlanetId     | int(11) | YES  | MUL | NULL    |                |
+--------------+---------+------+-----+---------+----------------+
4 rows in set (0.02 sec)

MariaDB [examc0719531]> select ShipmentDate from shipment;
+--------------+
| ShipmentDate |
+--------------+
| 3004-05-11   |
| 3004-05-11   |
| NULL         |
| NULL         |
| NULL         |
+--------------+
5 rows in set (0.00 sec)

MariaDB [examc0719531]> select * from employee;
+------------+--------------------------+--------------+--------+-------------------------------------------------------------------------+
| employeeId | name                     | position     | salary | remarks                                                                 |
+------------+--------------------------+--------------+--------+-------------------------------------------------------------------------+
|          1 | Phillip J. Fry           | Delivery boy |   7500 | Not to be confused with the Philip J. Fry from Hovering Squid World 97a |
|          2 | Turanga Leela            | Captain      |  10000 | NULL                                                                    |
|          3 | Bender Bending Rodriguez | Robot        |   7500 | NULL                                                                    |
|          4 | Hubert J. Farnsworth     | CEO          |  20000 | NULL                                                                    |
|          5 | John A. Zoidberg         | Physician    |     25 | NULL                                                                    |
|          6 | Amy Wong                 | Intern       |   5000 | NULL                                                                    |
|          7 | Hermes Conrad            | Bureaucrat   |  10000 | NULL                                                                    |
|          8 | Scruffy Scruffington     | Janitor      |   5000 | NULL                                                                    |
+------------+--------------------------+--------------+--------+-------------------------------------------------------------------------+
8 rows in set (0.00 sec)

MariaDB [examc0719531]> select * from shipment;
+------------+--------------+---------+----------+
| ShipmentId | ShipmentDate | Manager | PlanetId |
+------------+--------------+---------+----------+
|          1 | 3004-05-11   |       1 |        1 |
|          2 | 3004-05-11   |       1 |        2 |
|          3 | NULL         |       2 |        3 |
|          4 | NULL         |       2 |        4 |
|          5 | NULL         |       7 |        5 |
+------------+--------------+---------+----------+
5 rows in set (0.00 sec)

MariaDB [examc0719531]> select * from client;
+---------------+-------------------+
| accountnumber | name              |
+---------------+-------------------+
|             1 | Zapp Brannigan    |
|             2 | Al Gore's Head    |
|             3 | Barbados Slim     |
|             4 | Ogden Wernstrom   |
|             5 | Leo Wong          |
|             6 | Lrrr              |
|             7 | John Zoidberg     |
|             8 | John Zoidfarb     |
|             9 | Morbo             |
|            10 | Judge John Whitey |
|            11 | Calculon          |
+---------------+-------------------+
11 rows in set (0.00 sec)

MariaDB [examc0719531]> select * from planet;
+----------+------------------+------------------+
| planetId | name             | coordinates      |
+----------+------------------+------------------+
|        1 | Omicron Persei 8 |    89475345.3545 |
|        2 | Decapod X        | 65498463216.3466 |
|        3 | Mars             |   32435021.65468 |
|        4 | Omega III        |    98432121.5464 |
|        5 | Tarantulon VI    | 849842198.354654 |
|        6 | Cannibalon       |  654321987.21654 |
|        7 | DogDoo VII       |  65498721354.688 |
|        8 | Nintenduu 64     |  6543219894.1654 |
|        9 | Amazonia         | 65432135979.6547 |
+----------+------------------+------------------+
9 rows in set (0.00 sec)

MariaDB [examc0719531]> select e.position,e.remarks,s.ShipmentDate,p.name,p.coordinates from employee e,shipment s,client c where e.employeeId = s.Manager and s.PlanetId = p.planetId and e.name = 'Turanga Leela';
ERROR 1054 (42S22): Unknown column 'p.name' in 'field list'
MariaDB [examc0719531]> select e.position,e.remarks,s.ShipmentDate,p.name,p.coordinates from employee e,shipment s,planet p where e.employeeId = s.Manager and s.PlanetId = p.planetId and e.name = 'Turanga Leela';
+----------+---------+--------------+-----------+----------------+
| position | remarks | ShipmentDate | name      | coordinates    |
+----------+---------+--------------+-----------+----------------+
| Captain  | NULL    | NULL         | Mars      | 32435021.65468 |
| Captain  | NULL    | NULL         | Omega III |  98432121.5464 |
+----------+---------+--------------+-----------+----------------+
2 rows in set (0.00 sec)

MariaDB [examc0719531]> select * from package;
+----------+---------------+-------------------+--------+--------+-----------+
| shipment | packageNumber | contents          | weight | sender | recipient |
+----------+---------------+-------------------+--------+--------+-----------+
|        1 |             1 | Undeclared        |    1.5 |      1 |         2 |
|        2 |             1 | Undeclared        |     10 |      2 |         3 |
|        2 |             2 | A bucket of krill |      2 |      8 |         7 |
|        3 |             1 | Undeclared        |     15 |      3 |         4 |
|        3 |             2 | Undeclared        |      3 |      5 |         1 |
|        3 |             3 | Undeclared        |      7 |      2 |         3 |
|        4 |             1 | Undeclared        |      5 |      4 |         5 |
|        4 |             2 | Undeclared        |     27 |      1 |         2 |
|        5 |             1 | Undeclared        |    100 |      5 |         1 |
+----------+---------------+-------------------+--------+--------+-----------+
9 rows in set (0.00 sec)

MariaDB [examc0719531]> select * from client;
+---------------+-------------------+
| accountnumber | name              |
+---------------+-------------------+
|             1 | Zapp Brannigan    |
|             2 | Al Gore's Head    |
|             3 | Barbados Slim     |
|             4 | Ogden Wernstrom   |
|             5 | Leo Wong          |
|             6 | Lrrr              |
|             7 | John Zoidberg     |
|             8 | John Zoidfarb     |
|             9 | Morbo             |
|            10 | Judge John Whitey |
|            11 | Calculon          |
+---------------+-------------------+
11 rows in set (0.00 sec)

MariaDB [examc0719531]> select p.packageNumber,p.contents,p.weight,c.name,c.accountnumber from package p, client c where p.recipient = c.accountnumber and p.recipient in(1,5,6);
+---------------+------------+--------+----------------+---------------+
| packageNumber | contents   | weight | name           | accountnumber |
+---------------+------------+--------+----------------+---------------+
|             2 | Undeclared |      3 | Zapp Brannigan |             1 |
|             1 | Undeclared |      5 | Leo Wong       |             5 |
|             1 | Undeclared |    100 | Zapp Brannigan |             1 |
+---------------+------------+--------+----------------+---------------+
3 rows in set (0.00 sec)

MariaDB [examc0719531]> select * from planet;
+----------+------------------+------------------+
| planetId | name             | coordinates      |
+----------+------------------+------------------+
|        1 | Omicron Persei 8 |    89475345.3545 |
|        2 | Decapod X        | 65498463216.3466 |
|        3 | Mars             |   32435021.65468 |
|        4 | Omega III        |    98432121.5464 |
|        5 | Tarantulon VI    | 849842198.354654 |
|        6 | Cannibalon       |  654321987.21654 |
|        7 | DogDoo VII       |  65498721354.688 |
|        8 | Nintenduu 64     |  6543219894.1654 |
|        9 | Amazonia         | 65432135979.6547 |
+----------+------------------+------------------+
9 rows in set (0.00 sec)

MariaDB [examc0719531]> select 
    -> * from employee;
+------------+--------------------------+--------------+--------+-------------------------------------------------------------------------+
| employeeId | name                     | position     | salary | remarks                                                                 |
+------------+--------------------------+--------------+--------+-------------------------------------------------------------------------+
|          1 | Phillip J. Fry           | Delivery boy |   7500 | Not to be confused with the Philip J. Fry from Hovering Squid World 97a |
|          2 | Turanga Leela            | Captain      |  10000 | NULL                                                                    |
|          3 | Bender Bending Rodriguez | Robot        |   7500 | NULL                                                                    |
|          4 | Hubert J. Farnsworth     | CEO          |  20000 | NULL                                                                    |
|          5 | John A. Zoidberg         | Physician    |     25 | NULL                                                                    |
|          6 | Amy Wong                 | Intern       |   5000 | NULL                                                                    |
|          7 | Hermes Conrad            | Bureaucrat   |  10000 | NULL                                                                    |
|          8 | Scruffy Scruffington     | Janitor      |   5000 | NULL                                                                    |
+------------+--------------------------+--------------+--------+-------------------------------------------------------------------------+
8 rows in set (0.00 sec)

MariaDB [examc0719531]> select * from has_clearance;
+----------+--------+-------+
| employee | planet | level |
+----------+--------+-------+
|        1 |      1 |     2 |
|        1 |      2 |     3 |
|        2 |      3 |     2 |
|        2 |      4 |     4 |
|        3 |      5 |     2 |
|        3 |      6 |     4 |
|        4 |      7 |     1 |
+----------+--------+-------+
7 rows in set (0.00 sec)

MariaDB [examc0719531]> select e.name from employee e,planet p,has_clearance h where e.employeeId=h.employee and p.planetId=h.planet;
+--------------------------+
| name                     |
+--------------------------+
| Phillip J. Fry           |
| Phillip J. Fry           |
| Turanga Leela            |
| Turanga Leela            |
| Bender Bending Rodriguez |
| Bender Bending Rodriguez |
| Hubert J. Farnsworth     |
+--------------------------+
7 rows in set (0.05 sec)

MariaDB [examc0719531]> select * from shipment;
+------------+--------------+---------+----------+
| ShipmentId | ShipmentDate | Manager | PlanetId |
+------------+--------------+---------+----------+
|          1 | 3004-05-11   |       1 |        1 |
|          2 | 3004-05-11   |       1 |        2 |
|          3 | NULL         |       2 |        3 |
|          4 | NULL         |       2 |        4 |
|          5 | NULL         |       7 |        5 |
+------------+--------------+---------+----------+
5 rows in set (0.00 sec)

MariaDB [examc0719531]> show tables;
+------------------------+
| Tables_in_examc0719531 |
+------------------------+
| client                 |
| employee               |
| has_clearance          |
| package                |
| planet                 |
| shipment               |
| v1                     |
| v2                     |
| v3                     |
+------------------------+
9 rows in set (0.00 sec)

MariaDB [examc0719531]> select * from package;
+----------+---------------+-------------------+--------+--------+-----------+
| shipment | packageNumber | contents          | weight | sender | recipient |
+----------+---------------+-------------------+--------+--------+-----------+
|        1 |             1 | Undeclared        |    1.5 |      1 |         2 |
|        2 |             1 | Undeclared        |     10 |      2 |         3 |
|        2 |             2 | A bucket of krill |      2 |      8 |         7 |
|        3 |             1 | Undeclared        |     15 |      3 |         4 |
|        3 |             2 | Undeclared        |      3 |      5 |         1 |
|        3 |             3 | Undeclared        |      7 |      2 |         3 |
|        4 |             1 | Undeclared        |      5 |      4 |         5 |
|        4 |             2 | Undeclared        |     27 |      1 |         2 |
|        5 |             1 | Undeclared        |    100 |      5 |         1 |
+----------+---------------+-------------------+--------+--------+-----------+
9 rows in set (0.00 sec)

MariaDB [examc0719531]> select e.name,s.ShipmentDate from employee e, shipment s, package p where e.employeeId = p.sender and e.employeeId = p.recipient and weight between 5 and 10;
Empty set (0.00 sec)

MariaDB [examc0719531]> select e.name,s.ShipmentDate from employee e, shipment s, package p where e.employeeId = p.sender and weight between 5 and 10;
+----------------------+--------------+
| name                 | ShipmentDate |
+----------------------+--------------+
| Turanga Leela        | 3004-05-11   |
| Turanga Leela        | 3004-05-11   |
| Turanga Leela        | NULL         |
| Turanga Leela        | NULL         |
| Turanga Leela        | NULL         |
| Turanga Leela        | 3004-05-11   |
| Turanga Leela        | 3004-05-11   |
| Turanga Leela        | NULL         |
| Turanga Leela        | NULL         |
| Turanga Leela        | NULL         |
| Hubert J. Farnsworth | 3004-05-11   |
| Hubert J. Farnsworth | 3004-05-11   |
| Hubert J. Farnsworth | NULL         |
| Hubert J. Farnsworth | NULL         |
| Hubert J. Farnsworth | NULL         |
+----------------------+--------------+
15 rows in set (0.00 sec)

MariaDB [examc0719531]> select e.name,s.ShipmentDate from employee e, shipment s, package p where e.employeeId = p.sender and e.employeeId = p.recipient and weight between 5 and 10;
Empty set (0.00 sec)

MariaDB [examc0719531]> select e.name,s.ShipmentDate from employee e, shipment s, package p where e.employeeId = p.sender and s.ShipmentId = p.shipment and weight between 5 and 10;
+----------------------+--------------+
| name                 | ShipmentDate |
+----------------------+--------------+
| Turanga Leela        | 3004-05-11   |
| Turanga Leela        | NULL         |
| Hubert J. Farnsworth | NULL         |
+----------------------+--------------+
3 rows in set (0.00 sec)

MariaDB [examc0719531]> select * from shipment;l
+------------+--------------+---------+----------+
| ShipmentId | ShipmentDate | Manager | PlanetId |
+------------+--------------+---------+----------+
|          1 | 3004-05-11   |       1 |        1 |
|          2 | 3004-05-11   |       1 |        2 |
|          3 | NULL         |       2 |        3 |
|          4 | NULL         |       2 |        4 |
|          5 | NULL         |       7 |        5 |
+------------+--------------+---------+----------+
5 rows in set (0.00 sec)

    -> ;
ERROR 1064 (42000): You have an error in your SQL syntax; check the manual that corresponds to your MariaDB server version for the right syntax to use near 'l' at line 1
MariaDB [examc0719531]> select * from shipment;
+------------+--------------+---------+----------+
| ShipmentId | ShipmentDate | Manager | PlanetId |
+------------+--------------+---------+----------+
|          1 | 3004-05-11   |       1 |        1 |
|          2 | 3004-05-11   |       1 |        2 |
|          3 | NULL         |       2 |        3 |
|          4 | NULL         |       2 |        4 |
|          5 | NULL         |       7 |        5 |
+------------+--------------+---------+----------+
5 rows in set (0.00 sec)

MariaDB [examc0719531]> select * from planet;
+----------+------------------+------------------+
| planetId | name             | coordinates      |
+----------+------------------+------------------+
|        1 | Omicron Persei 8 |    89475345.3545 |
|        2 | Decapod X        | 65498463216.3466 |
|        3 | Mars             |   32435021.65468 |
|        4 | Omega III        |    98432121.5464 |
|        5 | Tarantulon VI    | 849842198.354654 |
|        6 | Cannibalon       |  654321987.21654 |
|        7 | DogDoo VII       |  65498721354.688 |
|        8 | Nintenduu 64     |  6543219894.1654 |
|        9 | Amazonia         | 65432135979.6547 |
+----------+------------------+------------------+
9 rows in set (0.00 sec)

MariaDB [examc0719531]> select s.ShipmentDate,p.name,p.coordinates from shipment s, planet p where s.PlanetId = p.planetId and p.name in('Mars','Amazonia');
+--------------+------+----------------+
| ShipmentDate | name | coordinates    |
+--------------+------+----------------+
| NULL         | Mars | 32435021.65468 |
+--------------+------+----------------+
1 row in set (0.00 sec)

MariaDB [examc0719531]> select s.ShipmentDate,p.name,p.coordinates from shipment s, planet p where s.PlanetId = p.planetId and p.name='Mars' or p.name='Amazonia';
+--------------+----------+------------------+
| ShipmentDate | name     | coordinates      |
+--------------+----------+------------------+
| NULL         | Mars     |   32435021.65468 |
| 3004-05-11   | Amazonia | 65432135979.6547 |
| 3004-05-11   | Amazonia | 65432135979.6547 |
| NULL         | Amazonia | 65432135979.6547 |
| NULL         | Amazonia | 65432135979.6547 |
| NULL         | Amazonia | 65432135979.6547 |
+--------------+----------+------------------+
6 rows in set (0.00 sec)

MariaDB [examc0719531]> select s.ShipmentDate,p.name,p.coordinates from shipment s, planet p where s.PlanetId = p.planetId and (p.name='Mars' or p.name='Amazonia');
+--------------+------+----------------+
| ShipmentDate | name | coordinates    |
+--------------+------+----------------+
| NULL         | Mars | 32435021.65468 |
+--------------+------+----------------+
1 row in set (0.00 sec)

MariaDB [examc0719531]> select s.ShipmentDate,p.name,p.coordinates from shipment s, planet p where s.PlanetId = p.planetId or (p.name='Mars' or p.name='Amazonia');
+--------------+------------------+------------------+
| ShipmentDate | name             | coordinates      |
+--------------+------------------+------------------+
| 3004-05-11   | Omicron Persei 8 |    89475345.3545 |
| 3004-05-11   | Decapod X        | 65498463216.3466 |
| 3004-05-11   | Mars             |   32435021.65468 |
| 3004-05-11   | Mars             |   32435021.65468 |
| NULL         | Mars             |   32435021.65468 |
| NULL         | Mars             |   32435021.65468 |
| NULL         | Mars             |   32435021.65468 |
| NULL         | Omega III        |    98432121.5464 |
| NULL         | Tarantulon VI    | 849842198.354654 |
| 3004-05-11   | Amazonia         | 65432135979.6547 |
| 3004-05-11   | Amazonia         | 65432135979.6547 |
| NULL         | Amazonia         | 65432135979.6547 |
| NULL         | Amazonia         | 65432135979.6547 |
| NULL         | Amazonia         | 65432135979.6547 |
+--------------+------------------+------------------+
14 rows in set (0.00 sec)

MariaDB [examc0719531]> select * from planet;
+----------+------------------+------------------+
| planetId | name             | coordinates      |
+----------+------------------+------------------+
|        1 | Omicron Persei 8 |    89475345.3545 |
|        2 | Decapod X        | 65498463216.3466 |
|        3 | Mars             |   32435021.65468 |
|        4 | Omega III        |    98432121.5464 |
|        5 | Tarantulon VI    | 849842198.354654 |
|        6 | Cannibalon       |  654321987.21654 |
|        7 | DogDoo VII       |  65498721354.688 |
|        8 | Nintenduu 64     |  6543219894.1654 |
|        9 | Amazonia         | 65432135979.6547 |
+----------+------------------+------------------+
9 rows in set (0.00 sec)

MariaDB [examc0719531]> select * from shipment;
+------------+--------------+---------+----------+
| ShipmentId | ShipmentDate | Manager | PlanetId |
+------------+--------------+---------+----------+
|          1 | 3004-05-11   |       1 |        1 |
|          2 | 3004-05-11   |       1 |        2 |
|          3 | NULL         |       2 |        3 |
|          4 | NULL         |       2 |        4 |
|          5 | NULL         |       7 |        5 |
+------------+--------------+---------+----------+
5 rows in set (0.00 sec)

MariaDB [examc0719531]> select s.ShipmentDate,p.name,p.coordinates from shipment s, planet p where p.PlanetId=s.Planet or (p.name='Mars' or p.name='Amazonia');
ERROR 1054 (42S22): Unknown column 's.Planet' in 'where clause'
MariaDB [examc0719531]> select s.ShipmentDate,p.name,p.coordinates from shipment s, planet p where p.PlanetId=s.planet or (p.name='Mars' or p.name='Amazonia');
ERROR 1054 (42S22): Unknown column 's.planet' in 'where clause'
MariaDB [examc0719531]> select s.ShipmentDate,p.name,p.coordinates from shipment s, planet p where p.planetId=s.PlanetId or (p.name='Mars' or p.name='Amazonia');
+--------------+------------------+------------------+
| ShipmentDate | name             | coordinates      |
+--------------+------------------+------------------+
| 3004-05-11   | Omicron Persei 8 |    89475345.3545 |
| 3004-05-11   | Decapod X        | 65498463216.3466 |
| 3004-05-11   | Mars             |   32435021.65468 |
| 3004-05-11   | Mars             |   32435021.65468 |
| NULL         | Mars             |   32435021.65468 |
| NULL         | Mars             |   32435021.65468 |
| NULL         | Mars             |   32435021.65468 |
| NULL         | Omega III        |    98432121.5464 |
| NULL         | Tarantulon VI    | 849842198.354654 |
| 3004-05-11   | Amazonia         | 65432135979.6547 |
| 3004-05-11   | Amazonia         | 65432135979.6547 |
| NULL         | Amazonia         | 65432135979.6547 |
| NULL         | Amazonia         | 65432135979.6547 |
| NULL         | Amazonia         | 65432135979.6547 |
+--------------+------------------+------------------+
14 rows in set (0.00 sec)

MariaDB [examc0719531]> select s.ShipmentDate,p.name,p.coordinates from shipment s, planet p where p.planetId=s.PlanetId and (p.name='Mars' or p.name='Amazonia');
+--------------+------+----------------+
| ShipmentDate | name | coordinates    |
+--------------+------+----------------+
| NULL         | Mars | 32435021.65468 |
+--------------+------+----------------+
1 row in set (0.00 sec)

MariaDB [examc0719531]> 